003cec29-6567-11ed-a996-726655fbb4e7.jpg,['HHLOBE2665]'],16/11/2022 09:51:27
4afcc106-6568-11ed-9bea-726655fbb4e7.jpg,['JMHLOBE2665|'],16/11/2022 10:05:30
abfe76d0-656d-11ed-ab27-726655fbb4e7.jpg,[],16/11/2022 10:39:54
f5972775-656d-11ed-833f-726655fbb4e7.jpg,['CGO4HF2250'],16/11/2022 10:39:54
c73dc79d-67a9-11ed-9f21-726655fbb4e7.jpg,['HR26DO55I'],19/11/2022 06:57:55
252859fa-67aa-11ed-84d0-726655fbb4e7.jpg,['HR2600555'],19/11/2022 06:57:55
40e1e137-67aa-11ed-9a1d-726655fbb4e7.jpg,['Hrzgdusy'],19/11/2022 06:57:55
4ca872a8-67aa-11ed-8c9b-726655fbb4e7.jpg,['HrzeC:'],19/11/2022 06:57:55
5f9427e6-67aa-11ed-8963-726655fbb4e7.jpg,['FHR2gdDS)'],19/11/2022 06:57:55
80247f22-67aa-11ed-a60e-726655fbb4e7.jpg,['HBHGI AA'],19/11/2022 06:57:55
949ced1d-67aa-11ed-a14b-726655fbb4e7.jpg,['21 BH 0001 AA'],19/11/2022 06:57:55
a8d32724-67aa-11ed-91e2-726655fbb4e7.jpg,['HR26DO5S5]7'],19/11/2022 06:57:55
ae5f1b6e-67b6-11ed-88cf-842afd0bf3a4.jpg,"['Hrzea""']",19/11/2022 08:23:43
c257d9c9-67b6-11ed-88cd-842afd0bf3a4.jpg,['HR26DOS '],19/11/2022 08:23:43
d1bfafd9-67b6-11ed-85c7-842afd0bf3a4.jpg,['HR2GdO555'],19/11/2022 08:23:43
e458c356-67b6-11ed-9ed3-842afd0bf3a4.jpg,['HR26DO555 '],19/11/2022 08:23:43
d65bbcac-706a-11ed-a4f1-842afd0bf3a4.jpg,['hRz6dOS /'],30/11/2022 10:19:44
eb824598-706a-11ed-ab85-842afd0bf3a4.jpg,['Hr2ed0557'],30/11/2022 10:19:44
fc45aa6e-706a-11ed-b2bb-842afd0bf3a4.jpg,['HR26d0555 '],30/11/2022 10:19:44
0b710ea5-706b-11ed-84f8-842afd0bf3a4.jpg,['21 BH 2345 AA'],30/11/2022 10:19:44
17ea4073-706b-11ed-8edf-842afd0bf3a4.jpg,['21 BH 0001 Aa'],30/11/2022 10:19:44
29d1e25e-706b-11ed-b5a8-842afd0bf3a4.jpg,['21 Bh 0007 AA'],30/11/2022 10:19:44
3194a18e-706b-11ed-b8f4-842afd0bf3a4.jpg,"['21 BH 0001 A,']",30/11/2022 10:19:44
392f8bb1-706b-11ed-a3c7-842afd0bf3a4.jpg,['21 B4 0001 AA'],30/11/2022 10:19:44
41cf8dde-706b-11ed-8ab8-842afd0bf3a4.jpg,['BH 0001 AA'],30/11/2022 10:19:44
5332b09e-706b-11ed-87e6-842afd0bf3a4.jpg,"['AA', '3h', 'O01']",30/11/2022 10:19:44
ec3986d6-706b-11ed-9fed-842afd0bf3a4.jpg,['M1BH 0004'],30/11/2022 10:29:23
f5b25ae8-706b-11ed-aab5-842afd0bf3a4.jpg,['27BH OOO1 AA'],30/11/2022 10:29:23
036b44ab-706c-11ed-b898-842afd0bf3a4.jpg,['21 BH 0001 Aa'],30/11/2022 10:29:23
131f860b-706c-11ed-93cc-842afd0bf3a4.jpg,['HR26DO5557'],30/11/2022 10:29:23
b877baee-c995-11ed-8459-005056c00008.jpg,['~J0 JER056'],23/03/2023 21:41:38
c6dcb766-c995-11ed-9473-005056c00008.jpg,[],23/03/2023 21:41:38
dafbea99-c995-11ed-ac8a-005056c00008.jpg,['GJO2R0563'],23/03/2023 21:41:38
f3e7b3cb-c995-11ed-90f7-005056c00008.jpg,['[9gouoo'],23/03/2023 21:41:38
07949f5e-c996-11ed-b886-005056c00008.jpg,['[95042c0r9'],23/03/2023 21:41:38
0d587441-c996-11ed-a100-005056c00008.jpg,"['""GJOJERO5677']",23/03/2023 21:41:38
15c84e8f-c996-11ed-bdb2-005056c00008.jpg,['0 JujkolqJ'],23/03/2023 21:41:38
1d625ff1-c996-11ed-b8cf-005056c00008.jpg,['6JO3ER056'],23/03/2023 21:41:38
31276d4e-c996-11ed-a73d-005056c00008.jpg,"['""GJOJER0568']",23/03/2023 21:41:38
4443323c-c996-11ed-b022-005056c00008.jpg,['HR26DK8337'],23/03/2023 21:41:38
4b96f819-c996-11ed-99f1-005056c00008.jpg,['7'],23/03/2023 21:41:38
5161e300-c996-11ed-aa67-005056c00008.jpg,['HRZSDK8337'],23/03/2023 21:41:38
6a147eae-c996-11ed-9d2d-005056c00008.jpg,['JOjERO56]'],23/03/2023 21:41:38
6fe6d28f-c996-11ed-b224-005056c00008.jpg,"['""JOJEROEO']",23/03/2023 21:41:38
80144edd-c996-11ed-a26d-005056c00008.jpg,['HRZGDK8337'],23/03/2023 21:41:38
8816bcee-c996-11ed-9186-005056c00008.jpg,['HR26dk8337'],23/03/2023 21:41:38
91a601f5-c996-11ed-90eb-005056c00008.jpg,['HR26DO555 7'],23/03/2023 21:41:38
a59bf574-c996-11ed-8045-005056c00008.jpg,['Tn 63 DB 54'],23/03/2023 21:41:38
4ca67a59-c99c-11ed-b075-005056c00008.jpg,[],23/03/2023 22:26:00
5684df73-c99c-11ed-bdf7-005056c00008.jpg,['3r260K8337'],23/03/2023 22:26:00
608fdcc7-c99c-11ed-a647-005056c00008.jpg,['HR26DK8337'],23/03/2023 22:26:00
71fef66a-c99c-11ed-891c-005056c00008.jpg,['HRZGDK8337'],23/03/2023 22:26:00
9e8ee633-c99c-11ed-ac99-005056c00008.jpg,['HRZSDK8337'],23/03/2023 22:26:00
1c44c23c-cc01-11ed-956d-005056c00008.jpg,['HR26DOS5S'],26/03/2023 23:35:49
4b83d377-cc01-11ed-bb12-005056c00008.jpg,['6CM1 AA'],26/03/2023 23:35:49
564c4589-cc01-11ed-b22f-005056c00008.jpg,['21 BH 0001 AA'],26/03/2023 23:35:49
b4861d6f-ce9f-11ed-ad99-005056c00008.jpg,['40837'],30/03/2023 07:36:24
be98e5e0-ce9f-11ed-b2c2-005056c00008.jpg,['HR2GDK8337'],30/03/2023 07:36:24
ce7c162e-ce9f-11ed-a255-005056c00008.jpg,['HRZGDK83378'],30/03/2023 07:36:24
e16f23b2-ce9f-11ed-8e63-005056c00008.jpg,[],30/03/2023 07:36:24
ee679efb-ce9f-11ed-aefd-005056c00008.jpg,[],30/03/2023 07:36:24
f85e8291-ce9f-11ed-9f1b-005056c00008.jpg,['R0563_'],30/03/2023 07:36:24
00e632ae-cea0-11ed-8eb9-005056c00008.jpg,['6JOjER056]'],30/03/2023 07:36:24
227b2de1-cea0-11ed-882b-005056c00008.jpg,['HR26dO55547'],30/03/2023 07:36:24
6439919c-cf16-11ed-9f2f-005056c00008.jpg,[],30/03/2023 21:39:59
723b81c3-cf16-11ed-b91f-005056c00008.jpg,['UP5 1000205]'],30/03/2023 21:39:59
7fc72e34-cf16-11ed-8f1c-005056c00008.jpg,['UP51B00285'],30/03/2023 21:39:59
924b7d6c-cf16-11ed-8c9d-005056c00008.jpg,['UP5 1BDO285'],30/03/2023 21:39:59
b15a5740-cf16-11ed-a4f1-005056c00008.jpg,['1uj0205'],30/03/2023 21:39:59
c2c6bc54-cf16-11ed-b334-005056c00008.jpg,[],30/03/2023 21:39:59
18c29e2c-cf17-11ed-8a6a-005056c00008.jpg,['Fup510002e5'],30/03/2023 21:39:59
215e4255-cf17-11ed-a0d3-005056c00008.jpg,['UP5 4000205]'],30/03/2023 21:39:59
29091bc2-cf17-11ed-90ea-005056c00008.jpg,['UP51B00285'],30/03/2023 21:39:59
34de60ab-cf17-11ed-b143-005056c00008.jpg,['UPS 1B0O285'],30/03/2023 21:39:59
44648813-cf17-11ed-b880-005056c00008.jpg,"['MPS:', '4B002851']",30/03/2023 21:39:59
4bec644e-cf17-11ed-91ab-005056c00008.jpg,['NP5 1800205 '],30/03/2023 21:39:59
5d1aa0a0-cf17-11ed-84b3-005056c00008.jpg,['UPS1BDO285'],30/03/2023 21:39:59
64de7a84-cf17-11ed-b4d5-005056c00008.jpg,['1BD0285'],30/03/2023 21:39:59
6c9bce4b-cf17-11ed-8c2f-005056c00008.jpg,['1BD0285'],30/03/2023 21:39:59
73c22e64-cf17-11ed-b221-005056c00008.jpg,['1285'],30/03/2023 21:39:59
7a3ea4d4-cf17-11ed-95fc-005056c00008.jpg,['Fup51D0285'],30/03/2023 21:39:59
80f0779d-cf17-11ed-abf7-005056c00008.jpg,"[""'UP5 1BDO285""]",30/03/2023 21:39:59
2b3541ce-cf19-11ed-b881-005056c00008.jpg,['HR26d0555'],30/03/2023 22:04:07
3fe4606c-cf19-11ed-bd49-005056c00008.jpg,['Hr2eb0e51'],30/03/2023 22:08:04
4a63d1f1-cf19-11ed-b042-005056c00008.jpg,['HR26DO5551'],30/03/2023 22:08:22
5aff94f0-cf19-11ed-8545-005056c00008.jpg,['HR2SD ]'],30/03/2023 22:08:49
6bd75d5b-cf19-11ed-acc9-005056c00008.jpg,['HR26DO5551'],30/03/2023 22:09:18
261e2ea2-cf97-11ed-9be3-005056c00008.jpg,['Hpzee'],31/03/2023 13:09:15
30aaa8b6-cf97-11ed-b74c-005056c00008.jpg,['HR26do555/'],31/03/2023 13:09:33
445ed8b4-cf97-11ed-95d9-005056c00008.jpg,['HRZGDO'],31/03/2023 13:10:07
9cc8d5e1-d379-11ed-a137-005056c00008.jpg,['21 BH 2345AA'],05/04/2023 11:47:51
32c6d1ad-d37b-11ed-a1f8-005056c00008.jpg,['21 Bh 2345 44'],05/04/2023 11:59:15
ad04befb-d439-11ed-a677-005056c00008.jpg,['HR26dO5SS/'],06/04/2023 10:42:47
bc41191a-d439-11ed-8a28-005056c00008.jpg,['HR26dO55 7'],06/04/2023 10:43:12
d96c201d-d439-11ed-9a19-005056c00008.jpg,['21 BH 2345MA'],06/04/2023 10:44:01
e84cc91b-d439-11ed-a46d-005056c00008.jpg,['21 BH234'],06/04/2023 10:44:26
122cf6a8-d43a-11ed-be13-005056c00008.jpg,['21 BH OQ01 A'],06/04/2023 10:45:36
3da99b51-d821-11ed-8934-005056c00008.jpg,['HR26dO5I'],11/04/2023 09:57:55
5c757f59-d821-11ed-a184-005056c00008.jpg,[],11/04/2023 09:58:47
eb5de69d-d82b-11ed-b238-726655fbb4e7.jpg,['21 Bh ZJ45AA'],11/04/2023 11:14:22
fafba989-d82b-11ed-8368-726655fbb4e7.jpg,"['AA', '2i BH _', '2345_']",11/04/2023 11:14:47
619244e7-d82d-11ed-9549-726655fbb4e7.jpg,['21 BH 2345 AA'],11/04/2023 11:24:49
98e78901-d82e-11ed-8f70-726655fbb4e7.jpg,"['21 BH ', 'AA', '12345 _']",11/04/2023 11:33:31
dd1a203f-d82e-11ed-8496-726655fbb4e7.jpg,['HR26DO555'],11/04/2023 11:35:26
06360ef2-d836-11ed-946d-726655fbb4e7.jpg,['Hr26d05'],11/04/2023 12:26:41
1496f935-d836-11ed-afbd-726655fbb4e7.jpg,['HRzGdo'],11/04/2023 12:27:07
1f0e2c3b-d836-11ed-a456-726655fbb4e7.jpg,['HR26dO555 '],11/04/2023 12:27:25
356e1e46-d836-11ed-92db-726655fbb4e7.jpg,"['FR26DO5554""']",11/04/2023 12:28:02
501179d9-d836-11ed-852c-726655fbb4e7.jpg,['21 BH 000I AA'],11/04/2023 12:28:47
7c2e40ec-d836-11ed-a059-726655fbb4e7.jpg,['22 BH 5517 A'],11/04/2023 12:30:01
89a955b1-d836-11ed-b222-726655fbb4e7.jpg,['22 BH 5517'],11/04/2023 12:30:24
a4f57102-d836-11ed-8e9f-726655fbb4e7.jpg,"['21 BH', 'AA', '0001']",11/04/2023 12:31:09
0ae2ce4b-d9b7-11ed-a101-726655fbb4e7.jpg,['21 BH 2345 AA'],13/04/2023 10:22:45
2489e3c0-d9b7-11ed-9f58-726655fbb4e7.jpg,['21 BH 2345 AAL'],13/04/2023 10:23:29
35b048cb-d9b7-11ed-a61e-726655fbb4e7.jpg,"['AA', '21', 'BH 2345']",13/04/2023 10:23:58
46760ac8-d9b7-11ed-8862-726655fbb4e7.jpg,['HR26d05S5 /'],13/04/2023 10:24:26
edb29aa1-d9bc-11ed-bb39-726655fbb4e7.jpg,['HRZGDOTS '],13/04/2023 11:04:54
096ccdee-d9bd-11ed-bc6e-726655fbb4e7.jpg,['HRZEDO5EI'],13/04/2023 11:05:41
1dcd8898-d9bd-11ed-bb01-726655fbb4e7.jpg,"[""HR2600555'""]",13/04/2023 11:06:15
